{
    "type": "minecraft:crafting_shaped",
    "pattern": [
        "#G#",
        "iI "
    ],
    "key": {
        "#": {
            "item": "minecraft:iron_block"
        },
        "G": {
            "item": "minecraft:green_concrete"
        },
        "i": {
            "item": "minecraft:iron_ingot"
        },
        "I": {
            "item": "minecraft:iron_nugget"
        }
    },
    "result": {
        "item": "minecraft:knowledge_book",
        "count": 1
    }
}