[
    {
      "function": "minecraft:set_nbt",
      "tag": "{display:{Lore:['[{\"text\":\"Ammo: \",\"color\":\"gray\",\"italic\":false},{\"text\":\"0/1\",\"color\":\"gold\",\"italic\":false}]','[{\"text\":\"Damage: \",\"color\":\"gray\",\"italic\":false},{\"text\":\"48\",\"color\":\"red\",\"italic\":false,\"underlined\":false}]','[{\"text\":\"Range: \",\"color\":\"gray\",\"italic\":false},{\"text\":\"90\",\"color\":\"green\",\"italic\":false}]','[{\"text\":\"Rate of Fire: \",\"color\":\"gray\",\"italic\":false},{\"text\":\"10 ticks\",\"color\":\"yellow\",\"italic\":false}]','[{\"text\":\"Effects: \",\"color\":\"gray\",\"italic\":false},{\"text\":\"Exploades on impact\",\"color\":\"dark_aqua\",\"italic\":false}]']},CustomModelData:13250,Damage:25,bazooka:1b,Ammo:0b}"
    }
  ]
  