[
  {
    "function": "minecraft:set_lore",
    "entity": "this",
    "lore": [
      [
        [
          {
            "text": "Ammo: ",
            "color": "gray",
            "italic": false
          },
          {
            "score": {
              "name": "GunAmmo",
              "objective": "gbg.temp"
            },
            "color": "gold",
            "italic": false
          },
          {
            "text": "/",
            "color": "gold",
            "italic": false
          },
          {
            "score": {
              "name": "GunMaxAmmo",
              "objective": "gbg.temp"
            },
            "color": "gold",
            "italic": false
          }
        ]
      ]
    ],
    "replace": false
  }
]
