[
    {
      "function": "minecraft:set_lore",
      "entity": "this",
      "lore": [
        [
          [
            {
              "text": "Rate of Fire: ",
              "color": "gray",
              "italic": false
            },
            {
              "score": {
                "name": "GunFireRate",
                "objective": "gbg.temp"
              },
              "color": "yellow",
              "italic": false
            },
            {
              "text": " ticks",
              "color": "yellow",
              "italic": false
            }
          ]
        ]
      ],
      "replace": false
    }
  ]
  