[
    {
      "function": "minecraft:set_nbt",
      "tag": "{display:{Lore:['[{\"text\":\"Ammo: \",\"color\":\"gray\",\"italic\":false},{\"text\":\"1/24\",\"color\":\"gold\",\"italic\":false}]','[{\"text\":\"Damage: \",\"color\":\"gray\",\"italic\":false},{\"text\":\"N/A\",\"color\":\"red\",\"italic\":false,\"underlined\":false}]','[{\"text\":\"Range: \",\"color\":\"gray\",\"italic\":false},{\"text\":\"14\",\"color\":\"green\",\"italic\":false}]','[{\"text\":\"Rate of Fire: \",\"color\":\"gray\",\"italic\":false},{\"text\":\"10 ticks\",\"color\":\"yellow\",\"italic\":false}]','[{\"text\":\"Effects: \",\"color\":\"gray\",\"italic\":false},{\"text\":\"Blindness, slowness, weakness; 7 sec\",\"color\":\"dark_aqua\",\"italic\":false}]']},Damage:23,ink:1b,Ammo:1b}"
    }
  ]
  