{
    "display": {
      "icon": {
        "id": "minecraft:repeating_command_block",
        "components": {
          "minecraft:custom_model_data": 9951647
        }
      },
      "title": {
        "translate": "advancements.backpacks.style"
      },
      "description": {
        "translate": "advancements.backpacks.style.desc"
      },
      "frame": "goal",
      "show_toast": true,
      "announce_to_chat": true,
      "hidden": false
    },
    "parent": "backpacks:tree/color",
    "criteria": {

      "backpacks:style_1_nether": {
        "trigger": "minecraft:recipe_crafted",
        "conditions": {
          "recipe_id": "backpacks:smithing/colors/1/nether"
        }
      },
      "backpacks:style_2_nether": {
        "trigger": "minecraft:recipe_crafted",
        "conditions": {
          "recipe_id": "backpacks:smithing/colors/2/nether"
        }
      },
      "backpacks:style_3_nether": {
        "trigger": "minecraft:recipe_crafted",
        "conditions": {
          "recipe_id": "backpacks:smithing/colors/3/nether"
        }
      },
      "backpacks:style_4_nether": {
        "trigger": "minecraft:recipe_crafted",
        "conditions": {
          "recipe_id": "backpacks:smithing/colors/4/nether"
        }
      },
      

      "backpacks:style_1_autumnal": {
        "trigger": "minecraft:recipe_crafted",
        "conditions": {
          "recipe_id": "backpacks:smithing/colors/1/autumnal"
        }
      },
      "backpacks:style_2_autumnal": {
        "trigger": "minecraft:recipe_crafted",
        "conditions": {
          "recipe_id": "backpacks:smithing/colors/2/autumnal"
        }
      },
      "backpacks:style_3_autumnal": {
        "trigger": "minecraft:recipe_crafted",
        "conditions": {
          "recipe_id": "backpacks:smithing/colors/3/autumnal"
        }
      },
      "backpacks:style_4_autumnal": {
        "trigger": "minecraft:recipe_crafted",
        "conditions": {
          "recipe_id": "backpacks:smithing/colors/4/autumnal"
        }
      },

      "backpacks:style_ender_normal": {
        "trigger": "minecraft:recipe_crafted",
        "conditions": {
          "recipe_id": "backpacks:smithing/colors/ender/normal"
        }
      },
      "backpacks:style_ender_end": {
        "trigger": "minecraft:recipe_crafted",
        "conditions": {
          "recipe_id": "backpacks:smithing/colors/ender/end"
        }
      },
      

      "backpacks:style_1_christmas": {
        "trigger": "minecraft:recipe_crafted",
        "conditions": {
          "recipe_id": "backpacks:smithing/colors/1/christmas"
        }
      },
      "backpacks:style_2_christmas": {
        "trigger": "minecraft:recipe_crafted",
        "conditions": {
          "recipe_id": "backpacks:smithing/colors/2/christmas"
        }
      },
      "backpacks:style_3_christmas": {
        "trigger": "minecraft:recipe_crafted",
        "conditions": {
          "recipe_id": "backpacks:smithing/colors/3/christmas"
        }
      },
      "backpacks:style_4_christmas": {
        "trigger": "minecraft:recipe_crafted",
        "conditions": {
          "recipe_id": "backpacks:smithing/colors/4/christmas"
        }
      }

    },
    "requirements": [
      [
        "backpacks:style_1_nether",
        "backpacks:style_2_nether",
        "backpacks:style_3_nether",
        "backpacks:style_4_nether",
        
        "backpacks:style_1_autumnal",
        "backpacks:style_2_autumnal",
        "backpacks:style_3_autumnal",
        "backpacks:style_4_autumnal",

        "backpacks:style_ender_normal",
        "backpacks:style_ender_end",
        
        "backpacks:style_1_christmas",
        "backpacks:style_2_christmas",
        "backpacks:style_3_christmas",
        "backpacks:style_4_christmas"
      ]
    ]
  }
  