{
    "type": "minecraft:crafting_shapeless",
    "ingredients": [
        {
            "item": "minecraft:copper_ingot"
        },
        {
            "item": "minecraft:copper_ingot"
        },
        {
            "item": "minecraft:copper_ingot"
        },
        {
            "item": "minecraft:redstone"
        },
        {
            "item": "minecraft:redstone_block"
        },
        {
            "item": "minecraft:redstone"
        },
        {
            "item": "minecraft:iron_ingot"
        },
        {
            "item": "minecraft:iron_ingot"
        },
        {
            "item": "minecraft:iron_ingot"
        }
    ],
    "result": {
        "item": "minecraft:knowledge_book",
        "count": 1
    }
}