{
    "type": "minecraft:crafting_shapeless",
    "ingredients": [
        {
            "item": "minecraft:repeating_command_block"
        },
        {
            "item": "minecraft:apple"
        },
        {
            "item": "minecraft:apple"
        },
        {
            "item": "minecraft:apple"
        },
        {
            "item": "minecraft:golden_apple"
        },
        {
            "item": "minecraft:golden_apple"
        },
        {
            "item": "minecraft:golden_apple"
        }
    ],
    "result": {
        "item": "minecraft:knowledge_book",
        "count": 1
    }
}