{
    "type": "minecraft:crafting_shapeless",
    "ingredients": [
        {
            "item": "minecraft:white_wool"
        },
        {
            "item": "minecraft:red_wool"
        },
        {
            "item": "minecraft:paper"
        },
        {
            "item": "minecraft:milk_bucket"
        },
        {
            "item": "minecraft:stick"
        },
        {
            "item": "minecraft:leather"
        }
    ],
    "result": {
        "item": "minecraft:knowledge_book",
        "count": 1
    }
}