[
    {
      "function": "minecraft:set_nbt",
      "tag": "{display:{Lore:['[{\"text\":\"Ammo: \",\"color\":\"gray\",\"italic\":false},{\"text\":\"2/4\",\"color\":\"gold\",\"italic\":false}]','[{\"text\":\"Damage: \",\"color\":\"gray\",\"italic\":false},{\"text\":\"21\",\"color\":\"red\",\"italic\":false,\"underlined\":false}]','[{\"text\":\"Range: \",\"color\":\"gray\",\"italic\":false},{\"text\":\"110\",\"color\":\"green\",\"italic\":false}]','[{\"text\":\"Rate of Fire: \",\"color\":\"gray\",\"italic\":false},{\"text\":\"80 ticks\",\"color\":\"yellow\",\"italic\":false}]','[{\"text\":\"Effects: \",\"color\":\"gray\",\"italic\":false},{\"text\":\"Piercing bullets\",\"color\":\"dark_aqua\",\"italic\":false}]']},Damage:12,sniper:1b,Ammo:2b}"
    }
  ]
  