{
    "type": "minecraft:crafting_shaped",
    "pattern": [
        "iRi",
        "GTG",
        "iii"
    ],
    "key": {
        "i": {
            "item": "minecraft:iron_ingot"
        },
        "R": {
            "item": "minecraft:redstone_block"
        },
        "G": {
            "item": "minecraft:green_concrete"
        },
        "T": {
            "item": "minecraft:tnt"
        }
    },
    "result": {
        "item": "minecraft:knowledge_book",
        "count": 1
    }
}