{
    "type": "minecraft:crafting_shaped",
    "pattern": [
        " # ",
        "GTG",
        "iRi"
    ],
    "key": {
        "#": {
            "item": "minecraft:heavy_weighted_pressure_plate"
        },
        "G": {
            "item": "minecraft:green_concrete"
        },
        "T": {
            "item": "minecraft:tnt"
        },
        "i": {
            "item": "minecraft:iron_ingot"
        },
        "R": {
            "item": "minecraft:redstone_block"
        }
    },
    "result": {
        "item": "minecraft:knowledge_book",
        "count": 1
    }
}