[
    {
      "function": "minecraft:set_nbt",
      "tag": "{display:{Lore:['[{\"text\":\"Ammo:\",\"color\":\"gray\",\"italic\":false},{\"text\":\" 4/16\",\"color\":\"gold\",\"italic\":false}]','[{\"text\":\"Damage: \",\"color\":\"gray\",\"italic\":false},{\"text\":\"7\",\"color\":\"red\",\"italic\":false,\"underlined\":false}]','[{\"text\":\"Range: \",\"color\":\"gray\",\"italic\":false},{\"text\":\"50\",\"color\":\"green\",\"italic\":false}]','[{\"text\":\"Rate of Fire: \",\"color\":\"gray\",\"italic\":false},{\"text\":\"10 ticks\",\"color\":\"yellow\",\"italic\":false}]','[{\"text\":\"Effects: \",\"color\":\"gray\",\"italic\":false},{\"text\":\"None\",\"color\":\"dark_aqua\",\"italic\":false}]']},Damage:18,pistol:1b,updated_gun:1b,Ammo:4b}"
    }
  ]
  