{
    "pools": [
      {
        "rolls": 1,
        "entries": [
          {
            "type": "minecraft:item",
            "name": "minecraft:item_frame",
            "functions": [
              {
                "function": "minecraft:set_nbt",
                "tag": "{display:{Name:'{\"text\":\"Auto Turret\",\"color\":\"yellow\",\"italic\":false}',Lore:['[{\"text\":\"HP: \",\"color\":\"gray\",\"italic\":false},{\"text\":\"60\",\"color\":\"dark_red\",\"italic\":false}]','[{\"text\":\"Armor: \",\"color\":\"gray\",\"italic\":false},{\"text\":\"8\",\"color\":\"dark_green\",\"italic\":false}]','[{\"text\":\"Damage: \",\"color\":\"gray\",\"italic\":false},{\"text\":\"3\",\"color\":\"red\",\"italic\":false,\"underlined\":false}]','[{\"text\":\"Range: \",\"color\":\"gray\",\"italic\":false},{\"text\":\"24\",\"color\":\"green\",\"italic\":false}]','[{\"text\":\"Rate of Fire: \",\"color\":\"gray\",\"italic\":false},{\"text\":\"14 ticks\",\"color\":\"yellow\",\"italic\":false}]','[{\"text\":\"Effects: \",\"color\":\"gray\",\"italic\":false},{\"text\":\"None\",\"color\":\"dark_aqua\",\"italic\":false}]']},CustomModelData:25000,EntityTag:{Tags:[\"auto_placer\",\"placer\"]}}"
              }
            ]
          }
        ]
      }
    ]
  }
  