[
    {
      "function": "minecraft:set_nbt",
      "tag": "{display:{Lore:['[{\"text\":\"Ammo:\",\"color\":\"gray\",\"italic\":false},{\"text\":\" 6/8\",\"color\":\"gold\",\"italic\":false}]','[{\"text\":\"Damage: \",\"color\":\"gray\",\"italic\":false},{\"text\":\"19\",\"color\":\"red\",\"italic\":false,\"underlined\":false}]','[{\"text\":\"Range: \",\"color\":\"gray\",\"italic\":false},{\"text\":\"22\",\"color\":\"green\",\"italic\":false}]','[{\"text\":\"Rate of Fire: \",\"color\":\"gray\",\"italic\":false},{\"text\":\"20 ticks\",\"color\":\"yellow\",\"italic\":false}]','[{\"text\":\"Effects: \",\"color\":\"gray\",\"italic\":false},{\"text\":\"None\",\"color\":\"dark_aqua\",\"italic\":false}]']},Damage:6,shotgun:1b,Ammo:6b}"
    }
  ]
  